"Date","Time (Formatted)","Time (Seconds)","Distance","Stroke Rate","Pace","Avg Watts","Cal/Hour","Avg Heart Rate","Age","Weight","Type","Ranked","Comments"
"2016-04-30 00:00:00","30:24.0","1824","4000","","3:48.0","30","403","","60","Lwt","Indoor Rower","No",""
"2016-04-29 00:00:00","5:05.0","305","655","","3:52.8","28","396","","60","Lwt","Indoor Rower","No","forgot wrist brace"
"2016-04-28 00:00:00","31:38.0","1898","4000","","3:57.2","26","389","","60","Lwt","Indoor Rower","No",""
"2016-04-27 00:00:00","32:11.0","1931","4000","","4:01.3","25","386","","60","Lwt","Indoor Rower","No",""
"2016-04-26 00:00:00","36:37.0","2197","4166","","4:23.6","19","365","","60","Lwt","Indoor Rower","No",""
"2016-04-25 00:00:00","","0","0","","","","","","60","Lwt","Indoor Rower","No","LAZY"
"2016-04-24 00:00:00","19:00.0","1140","2514","","3:46.7","30","403","","60","Lwt","Indoor Rower","No",""
"2016-04-23 00:00:00","","0","0","","","","","","60","Lwt","Indoor Rower","No","Tired, lazy"
"2016-04-22 00:00:00","35:21.0","2121","4141","","4:16.1","21","372","","60","Lwt","Indoor Rower","No",""
"2016-04-21 00:00:00","15:31.0","931","2411","","3:13.0","49","468","","60","Lwt","Indoor Rower","No",""
"2016-04-20 00:00:00","","0","0","","","","","","60","Lwt","Indoor Rower","No","APT hunting; REST"
"2016-04-19 00:00:00","18:12.0","1092","2000","","4:33.0","17","358","","60","Lwt","Indoor Rower","No","no E"
"2016-04-18 00:00:00","32:08.0","1928","4167","","3:51.3","28","396","","60","Lwt","Indoor Rower","No",""
"2016-04-17 00:00:00","16:12.0","972","2131","","3:48.0","30","403","","60","Lwt","Indoor Rower","No","L=0"
"2016-04-16 00:00:00","31:00.0","1860","4218","","3:40.4","33","413","","60","Lwt","Indoor Rower","No","L=1"
"2016-04-15 00:00:00","32:20.0","1940","4252","","3:48.1","29","400","","60","Lwt","Indoor Rower","No",""
"2016-04-14 00:00:00","","0","0","","","","","","60","Lwt","Indoor Rower","No",""
"2016-04-13 00:00:00","33:59.0","2039","4202","","4:02.6","25","386","","60","Lwt","Indoor Rower","No",""
"2016-04-12 00:00:00","32:20.0","1940","4286","","3:46.3","30","403","","60","Lwt","Indoor Rower","No","Back to slight paralysis (2 seconds). Clearly gone over the threashold."
"2016-04-11 00:00:00","","0","0","","","","","","60","Lwt","Indoor Rower","No","REST, lazy"
"2016-04-10 00:00:00","26:15.0","1575","3742","","3:30.4","38","431","","60","Lwt","Indoor Rower","No","But today better. STARE at feet. And set resistance to 2.5 (from 2.0). THUMB is better, for longer, but still clearly a problem. STARE at feet!"
"2016-04-09 00:00:00","24:11.0","1451","3505","","3:26.9","39","434","","60","Lwt","Indoor Rower","No","BRACE ONLY, confirms yesterday. Thumb gets pins AND slight paralysis."
"2016-04-08 00:00:00","27:06.0","1626","3620","","3:44.5","31","407","","60","Lwt","Indoor Rower","No","BRACE ONLY (no cotton, no wt glove - not sure what benefit). But today first time Right Thumb has pins AND slight paralysis. No other fingers, not palm."
"2016-04-07 00:00:00","28:40.0","1720","3569","","4:00.9","25","386","","60","Lwt","Indoor Rower","No",""
"2016-04-06 00:00:00","30:58.0","1858","3512","","4:24.5","19","365","","60","Lwt","Indoor Rower","No",""
"2016-04-05 00:00:00","","0","0","","","","","","60","Lwt","Indoor Rower","No",""
"2016-04-04 00:00:00","25:44.0","1544","3590","","3:35.0","35","420","","60","Lwt","Indoor Rower","No",""
"2016-04-03 00:00:00","22:58.0","1378","3313","","3:27.9","39","434","","60","Lwt","Indoor Rower","No",""
"2016-04-02 00:00:00","24:50.0","1490","3305","","3:45.4","31","407","","60","Lwt","Indoor Rower","No",""
"2016-04-01 00:00:00","23:42.0","1422","3312","","3:34.6","35","420","","60","Lwt","Indoor Rower","No",""
"2016-03-31 00:00:00","21:53.0","1313","3029","","3:36.7","34","417","","60","Lwt","Indoor Rower","No",""
"2016-03-30 00:00:00","22:19.0","1339","3011","","3:42.3","32","410","","60","Lwt","Indoor Rower","No",""
"2016-03-29 00:00:00","","0","0","","","","","","60","Lwt","Indoor Rower","No","Lazy"
"2016-03-28 00:00:00","21:15.0","1275","3004","","3:32.2","37","427","","60","Lwt","Indoor Rower","No",""
"2016-03-27 00:00:00","21:52.0","1312","3005","","3:38.3","34","417","","60","Lwt","Indoor Rower","No",""
"2016-03-26 00:00:00","23:14.0","1394","3029","","3:50.1","29","400","","60","Lwt","Indoor Rower","No",""
"2016-03-25 00:00:00","22:26.0","1346","3011","","3:43.5","31","407","","60","Lwt","Indoor Rower","No",""
"2016-03-24 00:00:00","","0","0","","","","","","60","Lwt","Indoor Rower","No","lazy"
"2016-03-23 00:00:00","","0","0","","","","","","60","Lwt","Indoor Rower","No","see Dr. M"
"2016-03-22 00:00:00","22:17.0","1337","3095","","3:35.9","35","420","","60","Lwt","Indoor Rower","No","aim for 3000, so far no pins & needles, but thumb does feel something, (glove too tight, brace pulling on area bet. thumb & 1st finger?)"
"2016-03-21 00:00:00","17:57.0","1077","2713","","3:18.4","45","455","","60","Lwt","Indoor Rower","No",""
"2016-03-20 00:00:00","18:13.0","1093","2650","","3:26.2","40","437","","60","Lwt","Indoor Rower","No",""
"2016-03-19 00:00:00","19:19.0","1159","2666","","3:37.3","34","417","","60","Lwt","Indoor Rower","No",""
"2016-03-18 00:00:00","20:01.0","1201","2800","","3:34.4","35","420","","60","Lwt","Indoor Rower","No",""
"2016-03-17 00:00:00","","0","0","","","","","","60","Lwt","Indoor Rower","No",""
"2016-03-16 00:00:00","15:48.0","948","2006","","3:56.2","27","393","","60","Lwt","Indoor Rower","No",""
"2016-03-15 00:00:00","19:15.0","1155","2697","","3:34.1","36","424","","60","Lwt","Indoor Rower","No",""
"2016-03-14 00:00:00","","0","0","","","","","","60","Lwt","Indoor Rower","No","REST - body, sleeping too much"
"2016-03-13 00:00:00","14:51.0","891","2204","","3:22.1","42","444","","60","Lwt","Indoor Rower","No","43,24"
"2016-03-12 00:00:00","16:01.0","961","2209","","3:37.5","34","417","","60","Lwt","Indoor Rower","No","36,21"
"2016-03-11 00:00:00","14:18.0","858","2000","","3:34.5","35","420","","60","Lwt","Indoor Rower","No","36,21"
"2016-03-10 00:00:00","13:48.0","828","2205","","3:07.7","53","482","","60","Lwt","Indoor Rower","No","56W, 25 -- easy, don't hurt anything"
"2016-03-09 00:00:00","15:34.0","934","2200","","3:32.2","37","427","","60","Lwt","Indoor Rower","No","41W, 23 spm, long strokes, right hand .... don't know, no pins & needles but always feels like its about to break."
"2016-03-08 00:00:00","21:59.0","1319","3000","","3:39.8","33","413","","60","Lwt","Indoor Rower","No","2 sessions today! (am & pm) -36W,23 spm, max 50W -27W, 20"
"2016-03-07 00:00:00","14:45.0","885","2000","","3:41.2","32","410","","60","Lwt","Indoor Rower","No","33 W, 20 spm"
"2016-03-06 00:00:00","","0","0","","","","","","60","Lwt","Indoor Rower","No","Not sick, but seem to be fighting something, NO EXER"
"2016-03-05 00:00:00","14:16.0","856","2009","","3:33.0","36","424","","60","Lwt","Indoor Rower","No",""
"2016-03-04 00:00:00","14:54.0","894","2001","","3:43.3","31","407","","60","Lwt","Indoor Rower","No","33W,21 spm"
"2016-03-03 00:00:00","","0","0","","","","","","60","Lwt","Indoor Rower","No",""
"2016-03-02 00:00:00","14:41.0","881","2000","","3:40.2","33","413","","60","Lwt","Indoor Rower","No","34W, 22 spm,"
"2016-03-01 00:00:00","11:19.0","679","1600","","3:32.1","37","427","","60","Lwt","Indoor Rower","No","37W, 23 spm, max 50W"
"2016-02-29 00:00:00","11:00.0","660","1400","","3:55.7","27","393","","60","Lwt","Indoor Rower","No","W27, spm 17?"
"2016-02-28 00:00:00","16:00.0","960","1990","","4:01.2","25","386","","60","Lwt","Indoor Rower","No","2 sessons today: 10' (1344m) and 6' (646 m 31 W, 22 spm; 16W, 19 spm"
"2016-02-27 00:00:00","10:27.0","627","1371","","3:48.6","29","400","","60","Lwt","Indoor Rower","No","29W, 20 spm"
"2016-02-26 00:00:00","7:30.0","450","1000","","3:45.0","31","407","","60","Lwt","Indoor Rower","No",""
"2016-02-25 00:00:00","8:50.0","530","1280","","3:27.0","39","434","","60","Lwt","Indoor Rower","No","Day #2 with glove + brace, thumb OK, WT=146.8 - shoes"
"2016-02-24 00:00:00","8:00.0","480","1000","","4:00.0","25","386","","60","Lwt","Indoor Rower","No","Time to start, badly need exercise; have glove, brace, padded wt glove; winded after 3' at 30W !; Right hand, dunno, hardly feels solid"
"2016-02-23 00:00:00","","0","0","","","","","","60","Lwt","Indoor Rower","No",""
"2016-02-22 00:00:00","","0","0","","","","","","60","Lwt","Indoor Rower","No",""
"2016-02-21 00:00:00","","0","0","","","","","","60","Lwt","Indoor Rower","No",""
"2016-02-20 00:00:00","","0","0","","","","","","60","Lwt","Indoor Rower","No",""
"2016-02-19 00:00:00","","0","0","","","","","","60","Lwt","Indoor Rower","No",""
"2016-02-18 00:00:00","","0","0","","","","","","60","Lwt","Indoor Rower","No",""
"2016-02-17 00:00:00","","0","0","","","","","","60","Lwt","Indoor Rower","No",""
"2016-02-16 00:00:00","","0","0","","","","","","60","Lwt","Indoor Rower","No",""
"2016-02-15 00:00:00","","0","0","","","","","","60","Lwt","Indoor Rower","No",""
"2016-02-14 00:00:00","","0","0","","","","","","60","Lwt","Indoor Rower","No",""
"2016-02-13 00:00:00","","0","0","","","","","","60","Lwt","Indoor Rower","No",""
"2016-02-12 00:00:00","","0","0","","","","","","60","Lwt","Indoor Rower","No",""
"2016-02-11 00:00:00","","0","0","","","","","","60","Lwt","Indoor Rower","No",""
"2016-02-10 00:00:00","","0","0","","","","","","60","Lwt","Indoor Rower","No",""
"2016-02-09 00:00:00","","0","0","","","","","","60","Lwt","Indoor Rower","No",""
"2016-02-08 00:00:00","","0","0","","","","","","60","Lwt","Indoor Rower","No",""
"2016-02-07 00:00:00","","0","0","","","","","","60","Lwt","Indoor Rower","No",""
"2016-02-06 00:00:00","","0","0","","","","","","60","Lwt","Indoor Rower","No",""
"2016-02-05 00:00:00","","0","0","","","","","","60","Lwt","Indoor Rower","No",""
"2016-02-04 00:00:00","","0","0","","","","","","60","Lwt","Indoor Rower","No",""
"2016-02-03 00:00:00","","0","0","","","","","","60","Lwt","Indoor Rower","No",""
"2016-02-02 00:00:00","","0","0","","","","","","60","Lwt","Indoor Rower","No",""
"2016-02-01 00:00:00","","0","0","","","","","","60","Lwt","Indoor Rower","No",""
"2016-01-31 00:00:00","","0","0","","","","","","60","Lwt","Indoor Rower","No",""
"2016-01-30 00:00:00","","0","0","","","","","","60","Lwt","Indoor Rower","No",""
"2016-01-29 00:00:00","","0","0","","","","","","60","Lwt","Indoor Rower","No",""
"2016-01-28 00:00:00","","0","0","","","","","","60","Lwt","Indoor Rower","No",""
"2016-01-27 00:00:00","","0","0","","","","","","60","Lwt","Indoor Rower","No",""
"2016-01-26 00:00:00","","0","0","","","","","","60","Lwt","Indoor Rower","No",""
"2016-01-25 00:00:00","","0","0","","","","","","60","Lwt","Indoor Rower","No",""
"2016-01-24 00:00:00","","0","0","","","","","","60","Lwt","Indoor Rower","No",""
"2016-01-23 00:00:00","","0","0","","","","","","60","Lwt","Indoor Rower","No",""
"2016-01-22 00:00:00","","0","0","","","","","","60","Lwt","Indoor Rower","No",""
"2016-01-21 00:00:00","","0","0","","","","","","60","Lwt","Indoor Rower","No",""
"2016-01-20 00:00:00","","0","0","","","","","","60","Lwt","Indoor Rower","No",""
"2016-01-19 00:00:00","","0","0","","","","","","60","Lwt","Indoor Rower","No",""
"2016-01-18 00:00:00","","0","0","","","","","","60","Lwt","Indoor Rower","No",""
"2016-01-17 00:00:00","","0","0","","","","","","60","Lwt","Indoor Rower","No",""
"2016-01-16 00:00:00","","0","0","","","","","","60","Lwt","Indoor Rower","No",""
"2016-01-15 00:00:00","","0","0","","","","","","60","Lwt","Indoor Rower","No",""
"2016-01-14 00:00:00","","0","0","","","","","","60","Lwt","Indoor Rower","No",""
"2016-01-13 00:00:00","","0","0","","","","","","60","Lwt","Indoor Rower","No",""
"2016-01-12 00:00:00","","0","0","","","","","","60","Lwt","Indoor Rower","No",""
"2016-01-11 00:00:00","","0","0","","","","","","60","Lwt","Indoor Rower","No",""
"2016-01-10 00:00:00","","0","0","","","","","","60","Lwt","Indoor Rower","No",""
"2016-01-09 00:00:00","","0","0","","","","","","60","Lwt","Indoor Rower","No",""
"2016-01-08 00:00:00","","0","0","","","","","","60","Lwt","Indoor Rower","No",""
"2016-01-07 00:00:00","","0","0","","","","","","60","Lwt","Indoor Rower","No",""
"2016-01-06 00:00:00","","0","0","","","","","","60","Lwt","Indoor Rower","No",""
"2016-01-05 00:00:00","","0","0","","","","","","60","Lwt","Indoor Rower","No",""
"2016-01-04 00:00:00","","0","0","","","","","","60","Lwt","Indoor Rower","No",""
"2016-01-03 00:00:00","","0","0","","","","","","60","Lwt","Indoor Rower","No",""
"2016-01-02 00:00:00","","0","0","","","","","","60","Lwt","Indoor Rower","No",""
"2016-01-01 00:00:00","","0","0","","","","","","60","Lwt","Indoor Rower","No",""
"2015-12-31 00:00:00","","0","0","","","","","","59","Lwt","Indoor Rower","No",""
"2015-12-30 00:00:00","","0","0","","","","","","59","Lwt","Indoor Rower","No",""
"2015-12-29 00:00:00","","0","0","","","","","","59","Lwt","Indoor Rower","No",""
"2015-12-28 00:00:00","","0","0","","","","","","59","Lwt","Indoor Rower","No",""
"2015-12-27 00:00:00","","0","0","","","","","","59","Lwt","Indoor Rower","No",""
"2015-12-26 00:00:00","","0","0","","","","","","59","Lwt","Indoor Rower","No",""
"2015-12-25 00:00:00","","0","0","","","","","","59","Lwt","Indoor Rower","No",""
"2015-12-24 00:00:00","","0","0","","","","","","59","Lwt","Indoor Rower","No","Begin rowing 2' per day, very slowly. Have sore arm muscles and still unknown wrist issue. Doing wrist exercises."
"2015-12-23 00:00:00","","0","0","","","","","","59","Lwt","Indoor Rower","No",""
"2015-12-22 00:00:00","","0","0","","","","","","59","Lwt","Indoor Rower","No",""
"2015-12-21 00:00:00","","0","0","","","","","","59","Lwt","Indoor Rower","No",""
"2015-12-20 00:00:00","","0","0","","","","","","59","Lwt","Indoor Rower","No",""
"2015-12-19 00:00:00","","0","0","","","","","","59","Lwt","Indoor Rower","No",""
"2015-12-18 00:00:00","","0","0","","","","","","59","Lwt","Indoor Rower","No",""
"2015-12-17 00:00:00","","0","0","","","","","","59","Lwt","Indoor Rower","No",""
"2015-12-16 00:00:00","","0","0","","","","","","59","Lwt","Indoor Rower","No",""
"2015-12-15 00:00:00","","0","0","","","","","","59","Lwt","Indoor Rower","No",""
"2015-12-14 00:00:00","","0","0","","","","","","59","Lwt","Indoor Rower","No",""
"2015-12-13 00:00:00","","0","0","","","","","","59","Lwt","Indoor Rower","No",""
"2015-12-12 00:00:00","","0","0","","","","","","59","Lwt","Indoor Rower","No",""
"2015-12-11 00:00:00","","0","0","","","","","","59","Lwt","Indoor Rower","No",""
"2015-12-10 00:00:00","","0","0","","","","","","59","Lwt","Indoor Rower","No",""
"2015-12-09 00:00:00","","0","0","","","","","","59","Lwt","Indoor Rower","No",""
"2015-12-08 00:00:00","","0","0","","","","","","59","Lwt","Indoor Rower","No",""
"2015-12-07 00:00:00","","0","0","","","","","","59","Lwt","Indoor Rower","No",""
"2015-12-06 00:00:00","","0","0","","","","","","59","Lwt","Indoor Rower","No",""
"2015-12-05 00:00:00","","0","0","","","","","","59","Lwt","Indoor Rower","No",""
"2015-12-04 00:00:00","","0","0","","","","","","59","Lwt","Indoor Rower","No",""
"2015-12-03 00:00:00","","0","0","","","","","","59","Lwt","Indoor Rower","No",""
"2015-12-02 00:00:00","","0","0","","","","","","59","Lwt","Indoor Rower","No",""
"2015-12-01 00:00:00","","0","0","","","","","","59","Lwt","Indoor Rower","No",""
"2015-11-30 00:00:00","","0","0","","","","","","59","Lwt","Indoor Rower","No","Stop Row - mild tunnel carpet, says doctor after voltage tests, continue with stretches, weights, take care of wrist"
"2015-11-30 00:00:00","","0","0","","","","","","59","Lwt","Indoor Rower","No",""
"2015-11-29 00:00:00","40:36.0","2436","6009","","3:22.7","42","444","","59","Lwt","Indoor Rower","No",""
"2015-11-28 00:00:00","","0","0","","","","","","59","Lwt","Indoor Rower","No",""
"2015-11-27 00:00:00","","0","0","","","","","","59","Lwt","Indoor Rower","No",""
"2015-11-26 00:00:00","10:00.0","600","1341","","3:43.7","31","407","","59","Lwt","Indoor Rower","No",""
"2015-11-25 00:00:00","","0","0","","","","","","59","Lwt","Indoor Rower","No",""
"2015-11-24 00:00:00","10:00.0","600","1294","","3:51.8","28","396","","59","Lwt","Indoor Rower","No","trainers says I fail dexterity, balance, streching .... need to do!"
"2015-11-23 00:00:00","","0","0","","","","","","59","Lwt","Indoor Rower","No",""
"2015-11-22 00:00:00","30:00.0","1800","3884","","3:51.7","28","396","","59","Lwt","Indoor Rower","No",""
"2015-11-21 00:00:00","30:00.0","1800","4073","","3:40.9","32","410","","59","Lwt","Indoor Rower","No",""
"2015-11-20 00:00:00","","0","0","","","","","","59","Lwt","Indoor Rower","No",""
"2015-11-19 00:00:00","","0","0","","","","","","59","Lwt","Indoor Rower","No",""
"2015-11-18 00:00:00","","0","0","","","","","","59","Lwt","Indoor Rower","No",""
"2015-11-17 00:00:00","","0","0","","","","","","59","Lwt","Indoor Rower","No",""
"2015-11-16 00:00:00","","0","0","","","","","","59","Lwt","Indoor Rower","No",""
"2015-11-15 00:00:00","","0","0","","","","","","59","Lwt","Indoor Rower","No","24 fitness (montlhy) gym membership - ended"
"2015-11-14 00:00:00","50:43.0","3043","6113","","4:08.9","23","379","","59","Lwt","Indoor Rower","No","24 hr gym member - ends to day"
"2015-11-13 00:00:00","44:26.0","2666","6213","","3:34.5","35","420","","59","Lwt","Indoor Rower","No",""
"2015-11-12 00:00:00","49:00.0","2940","6802","","3:36.1","35","420","","59","Lwt","Indoor Rower","No",""
"2015-11-11 00:00:00","46:04.0","2764","6000","","3:50.3","29","400","","59","Lwt","Indoor Rower","No",""
"2015-11-10 00:00:00","","0","0","","","","","","59","Lwt","Indoor Rower","No",""
"2015-11-09 00:00:00","22:17.0","1337","3040","","3:39.9","33","413","","59","Lwt","Indoor Rower","No",""
"2015-11-08 00:00:00","15:00.0","900","1875","","4:00.0","25","386","","59","Lwt","Indoor Rower","No",""
"2015-11-07 00:00:00","22:00.0","1320","2960","","3:42.9","32","410","","59","Lwt","Indoor Rower","No",""
"2015-11-06 00:00:00","45:43.0","2743","6110","","3:44.4","31","407","","59","Lwt","Indoor Rower","No",""
"2015-11-05 00:00:00","50:15.0","3015","6590","","3:48.7","29","400","","59","Lwt","Indoor Rower","No",""
"2015-11-04 00:00:00","","0","0","","","","","","59","Lwt","Indoor Rower","No",""
"2015-11-03 00:00:00","32:37.0","1957","4075","","4:00.1","25","386","","59","Lwt","Indoor Rower","No",""
"2015-11-02 00:00:00","50:00.0","3000","6121","","4:05.0","24","382","","59","Lwt","Indoor Rower","No",""
"2015-11-01 00:00:00","","0","0","","","","","","59","Lwt","Indoor Rower","No",""
"2015-10-31 00:00:00","30:00.0","1800","3770","","3:58.7","26","389","","59","Lwt","Indoor Rower","No",""
"2015-10-30 00:00:00","32:00.0","1920","4370","","3:39.6","33","413","","59","Lwt","Indoor Rower","No",""
"2015-10-29 00:00:00","30:00.0","1800","3938","","3:48.5","29","400","","59","Lwt","Indoor Rower","No",""
"2015-10-28 00:00:00","31:53.0","1913","4335","","3:40.6","33","413","","59","Lwt","Indoor Rower","No",""
"2015-10-27 00:00:00","20:00.0","1200","2771","","3:36.5","34","417","","59","Lwt","Indoor Rower","No",""
"2015-10-26 00:00:00","25:00.0","1500","3380","","3:41.8","32","410","","59","Lwt","Indoor Rower","No",""
"2015-10-25 00:00:00","44:55.0","2695","6086","","3:41.4","32","410","","59","Lwt","Indoor Rower","No",""
"2015-10-24 00:00:00","","0","0","","","","","","59","Lwt","Indoor Rower","No","REST"
"2015-10-23 00:00:00","30:00.0","1800","4070","","3:41.1","32","410","","59","Lwt","Indoor Rower","No",""
"2015-10-22 00:00:00","31:44.0","1904","4500","","3:31.5","37","427","","59","Lwt","Indoor Rower","No",""
"2015-10-21 00:00:00","20:00.0","1200","2900","","3:26.9","40","437","","59","Lwt","Indoor Rower","No",""
"2015-10-20 00:00:00","50:35.0","3035","6473","","3:54.4","27","393","","59","Lwt","Indoor Rower","No",""
"2015-10-19 00:00:00","52:23.0","3143","6712","","3:54.1","27","393","","59","Lwt","Indoor Rower","No",""
"2015-10-18 00:00:00","51:29.0","3089","6990","","3:40.9","32","410","","59","Lwt","Indoor Rower","No",""
"2015-10-17 00:00:00","","0","0","","","","","","59","Lwt","Indoor Rower","No",""
"2015-10-16 00:00:00","30:00.0","1800","4131","","3:37.8","34","417","","59","Lwt","Indoor Rower","No",""
"2015-10-15 00:00:00","50:42.0","3042","6680","","3:47.6","30","403","","59","Lwt","Indoor Rower","No",""
"2015-10-14 00:00:00","45:27.0","2727","6000","","3:47.2","30","403","","59","Lwt","Indoor Rower","No",""
"2015-10-13 00:00:00","13:47.0","827","2000","","3:26.7","40","437","","59","Lwt","Indoor Rower","No",""
"2015-10-12 00:00:00","32:57.0","1977","4503","","3:39.5","33","413","","59","Lwt","Indoor Rower","No",""
"2015-10-11 00:00:00","49:17.0","2957","6748","","3:39.1","33","413","","59","Lwt","Indoor Rower","No",""
"2015-10-10 00:00:00","47:18.9","2838.9","6685","","3:32.3","37","427","","59","Lwt","Indoor Rower","No",""
"2015-10-09 00:00:00","","0","0","","","","","","59","Lwt","Indoor Rower","No","lazy"
"2015-10-08 00:00:00","54:44.0","3284","7378","","3:42.5","32","410","","59","Lwt","Indoor Rower","No",""
"2015-10-07 00:00:00","","0","0","","","","","","59","Lwt","Indoor Rower","No",""
"2015-10-06 00:00:00","21:23.7","1283.7","3002","","3:33.8","36","424","","59","Lwt","Indoor Rower","No",""
"2015-10-05 00:00:00","1:02:18.0","3738","9057","","3:26.3","40","437","","59","Lwt","Indoor Rower","No",""
"2015-10-04 00:00:00","50:27.0","3027","7204","","3:30.0","38","431","","59","Lwt","Indoor Rower","No",""
"2015-10-03 00:00:00","41:43.0","2503","6102","","3:25.1","41","441","","59","Lwt","Indoor Rower","No","'good form'"
"2015-10-02 00:00:00","","0","0","","","","","","59","Lwt","Indoor Rower","No","REST"
"2015-10-01 00:00:00","","0","0","","","","","","59","Lwt","Indoor Rower","No","no row, but wts & areobic"
"2015-09-30 00:00:00","15:03.0","903","2176","","3:27.4","39","434","","59","Lwt","Indoor Rower","No",""
"2015-09-29 00:00:00","10:02.0","602","1357","","3:41.8","32","410","","59","Lwt","Indoor Rower","No",""
"2015-09-28 00:00:00","44:19.0","2659","6000","","3:41.5","32","410","","59","Lwt","Indoor Rower","No",""
"2015-09-27 00:00:00","30:47.0","1847","4000","","3:50.8","28","396","","59","Lwt","Indoor Rower","No",""
"2015-09-26 00:00:00","","0","0","","","","","","59","Lwt","Indoor Rower","No",""
"2015-09-25 00:00:00","","0","0","","","","","","59","Lwt","Indoor Rower","No",""
"2015-09-24 00:00:00","30:00.0","1800","3415","","4:23.5","19","365","","59","Lwt","Indoor Rower","No",""
"2015-09-23 00:00:00","30:00.0","1800","3779","","3:58.1","26","389","","59","Lwt","Indoor Rower","No",""
"2015-09-22 00:00:00","57:31.0","3451","7304","","3:56.2","27","393","","59","Lwt","Indoor Rower","No",""
"2015-09-21 00:00:00","","0","0","","","","","","59","Lwt","Indoor Rower","No",""
"2015-09-20 00:00:00","44:30.0","2670","6479","","3:26.0","40","437","","59","Lwt","Indoor Rower","No",""
"2015-09-19 00:00:00","45:58.0","2758","6107","","3:45.8","30","403","","59","Lwt","Indoor Rower","No",""
"2015-09-18 00:00:00","51:04.0","3064","6273","","4:04.2","24","382","","59","Lwt","Indoor Rower","No",""
"2015-09-17 00:00:00","19:56.0","1196","2000","","4:59.0","13","345","","59","Lwt","Indoor Rower","No","ate too much"
"2015-09-16 00:00:00","47:51.0","2871","6225","","3:50.6","29","400","","59","Lwt","Indoor Rower","No",""
"2015-09-15 00:00:00","43:19.0","2599","6000","","3:36.5","34","417","","59","Lwt","Indoor Rower","No",""
"2015-09-14 00:00:00","","0","0","","","","","","59","Lwt","Indoor Rower","No","REST DAY"
"2015-09-13 00:00:00","50:28.0","3028","7036","","3:35.1","35","420","","59","Lwt","Indoor Rower","No",""
"2015-09-12 00:00:00","42:44.1","2564.1","6692","","3:11.5","50","472","","59","Lwt","Indoor Rower","No",""
"2015-09-11 00:00:00","46:03.0","2763","6755","","3:24.5","41","441","","59","Lwt","Indoor Rower","No",""
"2015-09-10 00:00:00","30:11.0","1811","4455","","3:23.2","42","444","","59","Lwt","Indoor Rower","No",""
"2015-09-09 00:00:00","43:00.0","2580","6288","","3:25.1","41","441","","59","Lwt","Indoor Rower","No",""
"2015-09-08 00:00:00","30:00.0","1800","3599","","4:10.0","22","376","","59","Lwt","Indoor Rower","No",""
"2015-09-07 00:00:00","","0","0","","","","","","59","Lwt","Indoor Rower","No","Lazy"
"2015-09-06 00:00:00","45:51.0","2751","6000","","3:49.2","29","400","","59","Lwt","Indoor Rower","No",""
"2015-09-05 00:00:00","47:10.0","2830","6124","","3:51.0","28","396","","59","Lwt","Indoor Rower","No",""
"2015-09-04 00:00:00","","0","0","","","","","","59","Lwt","Indoor Rower","No","REST - go to DDS"
"2015-09-03 00:00:00","20:00.0","1200","2465","","4:03.4","24","382","","59","Lwt","Indoor Rower","No",""
"2015-09-02 00:00:00","7:06.0","426","1006","","3:31.7","37","427","","59","Lwt","Indoor Rower","No",""
"2015-09-01 00:00:00","40:06.6","2406.6","6000","","3:20.5","43","448","","59","Lwt","Indoor Rower","No",""
"2015-08-31 00:00:00","32:29.0","1949","4500","","3:36.5","34","417","","59","Lwt","Indoor Rower","No",""
"2015-08-30 00:00:00","41:41.0","2501","6279","","3:19.1","44","451","","59","Lwt","Indoor Rower","No",""
"2015-08-29 00:00:00","","0","0","","","","","","59","Lwt","Indoor Rower","No",""
"2015-08-28 00:00:00","45:25.0","2725","6000","","3:47.0","30","403","","59","Lwt","Indoor Rower","No",""
"2015-08-27 00:00:00","","0","0","","","","","","59","Lwt","Indoor Rower","No",""
"2015-08-26 00:00:00","","0","0","","","","","","59","Lwt","Indoor Rower","No",""
"2015-08-25 00:00:00","17:00.0","1020","2135","","3:58.8","26","389","","59","Lwt","Indoor Rower","No",""
"2015-08-24 00:00:00","","0","0","","","","","","59","Lwt","Indoor Rower","No",""
"2015-08-23 00:00:00","","0","0","","","","","","59","Lwt","Indoor Rower","No",""
"2015-08-22 00:00:00","30:00.0","1800","3530","","4:14.9","21","372","","59","Lwt","Indoor Rower","No",""
"2015-08-21 00:00:00","26:11.0","1571","3617","","3:37.1","34","417","","59","Lwt","Indoor Rower","No",""
"2015-08-20 00:00:00","42:00.0","2520","6198","","3:23.2","42","444","","59","Lwt","Indoor Rower","No",""
"2015-08-19 00:00:00","43:11.0","2591","6270","","3:26.6","40","437","","59","Lwt","Indoor Rower","No",""
"2015-08-18 00:00:00","","0","0","","","","","","59","Lwt","Indoor Rower","No",""
"2015-08-17 00:00:00","45:28.0","2728","6526","","3:29.0","38","431","","59","Lwt","Indoor Rower","No",""
"2015-08-16 00:00:00","45:11.0","2711","6206","","3:38.4","34","417","","59","Lwt","Indoor Rower","No",""
"2015-08-15 00:00:00","","0","0","","","","","","59","Lwt","Indoor Rower","No",""
"2015-08-14 00:00:00","","0","0","","","","","","59","Lwt","Indoor Rower","No",""
"2015-08-13 00:00:00","37:39.0","2259","5368","","3:30.4","38","431","","59","Lwt","Indoor Rower","No",""
"2015-08-12 00:00:00","","0","0","","","","","","59","Lwt","Indoor Rower","No",""
"2015-08-11 00:00:00","19:37.0","1177","2250","","4:21.5","20","369","","59","Lwt","Indoor Rower","No",""
"2015-08-10 00:00:00","40:18.0","2418","5027","","4:00.5","25","386","","59","Lwt","Indoor Rower","No",""
"2015-08-09 00:00:00","13:00.0","780","1409","","4:36.7","17","358","","59","Lwt","Indoor Rower","No",""
"2015-08-08 00:00:00","30:00.0","1800","3441","","4:21.5","20","369","","59","Lwt","Indoor Rower","No",""
"2015-08-07 00:00:00","46:16.0","2776","6145","","3:45.8","30","403","","59","Lwt","Indoor Rower","No",""
"2015-08-06 00:00:00","","0","0","","","","","","59","Lwt","Indoor Rower","No",""
"2015-08-05 00:00:00","34:50.0","2090","5017","","3:28.2","39","434","","59","Lwt","Indoor Rower","No",""
"2015-08-04 00:00:00","34:16.0","2056","5027","","3:24.5","41","441","","59","Lwt","Indoor Rower","No",""
"2015-08-03 00:00:00","20:00.0","1200","2921","","3:25.4","40","437","","59","Lwt","Indoor Rower","No",""
"2015-08-02 00:00:00","","0","0","","","","","","59","Lwt","Indoor Rower","No",""
"2015-08-01 00:00:00","","0","0","","","","","","59","Lwt","Indoor Rower","No","SICK DAY"
"2015-07-31 00:00:00","","0","0","","","","","","59","Lwt","Indoor Rower","No","REST DAY"
"2015-07-30 00:00:00","30:00.0","1800","3801","","3:56.7","26","389","","59","Lwt","Indoor Rower","No",""
"2015-07-29 00:00:00","15:00.0","900","2213","","3:23.3","42","444","","59","Lwt","Indoor Rower","No",""
"2015-07-28 00:00:00","34:11.0","2051","5145","","3:19.3","44","451","","59","Lwt","Indoor Rower","No",""
"2015-07-27 00:00:00","21:04.0","1264","3025","","3:28.9","38","431","","59","Lwt","Indoor Rower","No",""
"2015-07-26 00:00:00","","0","0","","","","","","59","Lwt","Indoor Rower","No",""
"2015-07-25 00:00:00","23:51.0","1431","3054","","3:54.2","27","393","","59","Lwt","Indoor Rower","No",""
"2015-07-24 00:00:00","34:02.0","2042","4680","","3:38.1","34","417","","59","Lwt","Indoor Rower","No",""
"2015-07-23 00:00:00","35:19.0","2119","4476","","3:56.7","26","389","","59","Lwt","Indoor Rower","No",""
"2015-07-22 00:00:00","","0","0","","","","","","59","Lwt","Indoor Rower","No",""
"2015-07-21 00:00:00","24:07.0","1447","3080","","3:54.9","27","393","","59","Lwt","Indoor Rower","No",""
"2015-07-20 00:00:00","23:59.0","1439","3172","","3:46.8","30","403","","59","Lwt","Indoor Rower","No",""
"2015-07-19 00:00:00","","0","0","","","","","","59","Lwt","Indoor Rower","No",""
"2015-07-18 00:00:00","13:11.2","791.2","2000","","3:17.8","45","455","","59","Lwt","Indoor Rower","No",""
"2015-07-17 00:00:00","10:00.0","600","1456","","3:26.0","40","437","","59","Lwt","Indoor Rower","No",""
"2015-07-16 00:00:00","23:06.0","1386","3039","","3:48.0","30","403","","59","Lwt","Indoor Rower","No",""
"2015-07-15 00:00:00","10:00.0","600","1440","","3:28.3","39","434","","59","Lwt","Indoor Rower","No",""
"2015-07-14 00:00:00","","0","0","","","","","","59","Lwt","Indoor Rower","No",""
"2015-07-13 00:00:00","","0","0","","","","","","59","Lwt","Indoor Rower","No",""
"2015-07-12 00:00:00","","0","0","","","","","","59","Lwt","Indoor Rower","No",""
"2015-07-11 00:00:00","","0","0","","","","","","59","Lwt","Indoor Rower","No",""
"2015-07-10 00:00:00","","0","0","","","","","","59","Lwt","Indoor Rower","No",""
"2015-07-09 00:00:00","","0","0","","","","","","59","Lwt","Indoor Rower","No",""
"2015-07-08 00:00:00","","0","0","","","","","","59","Lwt","Indoor Rower","No",""
"2015-07-07 00:00:00","","0","0","","","","","","59","Lwt","Indoor Rower","No",""
"2015-07-06 00:00:00","","0","0","","","","","","59","Lwt","Indoor Rower","No",""
"2015-07-05 00:00:00","","0","0","","","","","","59","Lwt","Indoor Rower","No",""
"2015-07-03 00:00:00","","0","0","","","","","","59","Lwt","Indoor Rower","No",""
"2015-07-02 00:00:00","","0","0","","","","","","59","Lwt","Indoor Rower","No",""
"2015-07-01 00:00:00","","0","0","","","","","","59","Lwt","Indoor Rower","No",""
"2015-06-30 00:00:00","","0","0","","","","","","59","Lwt","Indoor Rower","No",""
"2015-06-29 00:00:00","","0","0","","","","","","59","Lwt","Indoor Rower","No",""
"2015-06-28 00:00:00","","0","0","","","","","","59","Lwt","Indoor Rower","No",""
"2015-06-27 00:00:00","","0","0","","","","","","59","Lwt","Indoor Rower","No",""
"2015-06-26 00:00:00","","0","0","","","","","","59","Lwt","Indoor Rower","No",""
"2015-06-25 00:00:00","23:51.0","1431","3054","","3:54.2","27","393","","59","Lwt","Indoor Rower","No",""
"2015-06-25 00:00:00","","0","0","","","","","","59","Lwt","Indoor Rower","No",""
"2015-06-24 00:00:00","","0","0","","","","","","59","Lwt","Indoor Rower","No","Move: PDX to LAS"
"2015-06-23 00:00:00","","0","0","","","","","","59","Lwt","Indoor Rower","No",""
"2015-06-22 00:00:00","42:35.0","2555","6029","","3:31.8","37","427","","59","Lwt","Indoor Rower","No",""
"2015-06-21 00:00:00","","0","0","","","","","","59","Lwt","Indoor Rower","No",""
"2015-06-20 00:00:00","","0","0","","","","","","59","Lwt","Indoor Rower","No",""
"2015-06-19 00:00:00","30:40.0","1840","4719","","3:14.9","47","462","","59","Lwt","Indoor Rower","No",""
"2015-06-18 00:00:00","43:25.0","2605","6485","","3:20.8","43","448","","59","Lwt","Indoor Rower","No",""
"2015-06-17 00:00:00","","0","0","","","","","","59","Lwt","Indoor Rower","No",""
"2015-06-16 00:00:00","49:31.0","2971","7276","","3:24.1","41","441","","59","Lwt","Indoor Rower","No",""
"2015-06-15 00:00:00","10:00.0","600","1254","","3:59.2","26","389","","59","Lwt","Indoor Rower","No",""
"2015-06-14 00:00:00","","0","0","","","","","","59","Lwt","Indoor Rower","No",""
"2015-06-13 00:00:00","42:07.0","2527","6294","","3:20.7","43","448","","59","Lwt","Indoor Rower","No",""
"2015-06-12 00:00:00","20:00.0","1200","2636","","3:47.6","30","403","","59","Lwt","Indoor Rower","No",""
"2015-06-11 00:00:00","51:04.0","3064","7000","","3:38.8","33","413","","59","Lwt","Indoor Rower","No",""
"2015-06-10 00:00:00","","0","0","","","","","","59","Lwt","Indoor Rower","No",""
"2015-06-09 00:00:00","30:00.0","1800","3984","","3:45.9","30","403","","59","Lwt","Indoor Rower","No",""
"2015-06-08 00:00:00","","0","0","","","","","","59","Lwt","Indoor Rower","No",""
"2015-06-07 00:00:00","20:00.0","1200","3029","","3:18.0","45","455","","59","Lwt","Indoor Rower","No",""
"2015-06-06 00:00:00","15:00.0","900","2026","","3:42.1","32","410","","59","Lwt","Indoor Rower","No",""
"2015-06-05 00:00:00","","0","0","","","","","","59","Lwt","Indoor Rower","No",""
"2015-06-04 00:00:00","","0","0","","","","","","59","Lwt","Indoor Rower","No",""
"2015-06-04 00:00:00","","0","0","","","","","","59","Lwt","Indoor Rower","No",""
"2015-06-04 00:00:00","25:00.0","1500","3800","","3:17.3","46","458","","59","Lwt","Indoor Rower","No",""
"2015-06-03 00:00:00","","0","0","","","","","","59","Lwt","Indoor Rower","No",""
"2015-06-03 00:00:00","30:00.0","1800","3872","","3:52.4","28","396","","59","Lwt","Indoor Rower","No","Day #1, with WRIST BRACE, U.Oregon"
"2015-06-02 00:00:00","","0","0","","","","","","59","Lwt","Indoor Rower","No",""
"2015-06-01 00:00:00","","0","0","","","","","","59","Lwt","Indoor Rower","No",""
"2015-05-31 00:00:00","","0","0","","","","","","59","Lwt","Indoor Rower","No",""
"2015-05-30 00:00:00","","0","0","","","","","","59","Lwt","Indoor Rower","No",""
"2015-05-29 00:00:00","","0","0","","","","","","59","Lwt","Indoor Rower","No",""
"2015-05-28 00:00:00","","0","0","","","","","","59","Lwt","Indoor Rower","No",""
"2015-05-27 00:00:00","","0","0","","","","","","59","Lwt","Indoor Rower","No",""
"2015-05-26 00:00:00","","0","0","","","","","","59","Lwt","Indoor Rower","No",""
"2015-05-25 00:00:00","","0","0","","","","","","59","Lwt","Indoor Rower","No",""
"2015-05-24 00:00:00","44:50.6","2690.6","6000","","3:44.2","31","407","","59","Lwt","Indoor Rower","No","U. Oregon"
"2015-05-23 00:00:00","","0","0","","","","","","59","Lwt","Indoor Rower","No",""
"2015-05-22 00:00:00","","0","0","","","","","","59","Lwt","Indoor Rower","No","Trip to Oregon"
"2015-05-21 00:00:00","24:06.6","1446.6","3000","","4:01.1","25","386","","59","Lwt","Indoor Rower","No",""
"2015-05-20 00:00:00","42:35.2","2555.2","6000","","3:32.9","36","424","","59","Lwt","Indoor Rower","No",""
"2015-05-19 00:00:00","25:00.0","1500","2619","","4:46.3","15","352","","59","Lwt","Indoor Rower","No",""
"2015-05-18 00:00:00","","0","0","","","","","","59","Lwt","Indoor Rower","No","REST Day"
"2015-05-17 00:00:00","20:00.0","1200","2639","","3:47.3","30","403","","59","Lwt","Indoor Rower","No",""
"2015-05-16 00:00:00","50:26.0","3026","7000","","3:36.1","35","420","","59","Lwt","Indoor Rower","No",""
"2015-05-15 00:00:00","41:50.0","2510","6401","","3:16.0","46","458","","59","Lwt","Indoor Rower","No",""
"2015-05-14 00:00:00","10:00.0","600","1459","","3:25.6","40","437","","59","Lwt","Indoor Rower","No",""
"2015-05-13 00:00:00","46:52.0","2812","6078","","3:51.3","28","396","","59","Lwt","Indoor Rower","No",""
"2015-05-12 00:00:00","15:00.0","900","1797","","4:10.4","22","376","","59","Lwt","Indoor Rower","No",""
"2015-05-11 00:00:00","1:00:00.0","3600","7205","","4:09.8","22","376","","59","Lwt","Indoor Rower","No","ultra-slow, just kept going"
"2015-05-10 00:00:00","33:00.0","1980","5111","","3:13.7","48","465","","59","Lwt","Indoor Rower","No","left rower, energy returns! @ 17', pins return to right hand"
"2015-05-09 00:00:00","30:00.0","1800","3092","","4:51.0","14","348","","59","Lwt","Indoor Rower","No","left rower"
"2015-05-08 00:00:00","30:00.0","1800","3551","","4:13.4","21","372","","59","Lwt","Indoor Rower","No","left rower broken, using right | hand ok"
"2015-05-07 00:00:00","30:00.0","1800","3457","","4:20.3","20","369","","59","Lwt","Indoor Rower","No","don't care"
"2015-05-06 00:00:00","","0","0","","","","","","59","Lwt","Indoor Rower","No","24-hour urine | rest day | lazy"
"2015-05-05 00:00:00","30:00.0","1800","3456","","4:20.4","20","369","","59","Lwt","Indoor Rower","No","no power| bad mood"
"2015-05-04 00:00:00","37:37.0","2257","4423","","4:15.1","21","372","","59","Lwt","Indoor Rower","No","B2 - collapse | no energy"
"2015-05-03 00:00:00","46:46.0","2806","7005","","3:20.2","44","451","","59","Lwt","Indoor Rower","No",""
"2015-05-02 00:00:00","47:25.0","2845","7108","","3:20.1","44","451","","59","Lwt","Indoor Rower","No",""
"2015-05-01 00:00:00","","0","0","","","","","","59","Lwt","Indoor Rower","No","No Row (do weights)"
